{
	"th": 0.03556203,
	"he": 0.03074741,
	"in": 0.02432745,
	"er": 0.02048265,
	"an": 0.01985151,
	"re": 0.01854323,
	"on": 0.01758046,
	"at": 0.01486732,
	"en": 0.01454248,
	"nd": 0.01352281,
	"ti": 0.01342579,
	"es": 0.01339394,
	"or": 0.01276539,
	"te": 0.0120487,
	"of": 0.01174975,
	"ed": 0.01168123,
	"is": 0.0112843,
	"it": 0.01123274,
	"al": 0.0108745,
	"ar": 0.01074898,
	"st": 0.01053476,
	"to": 0.01041267,
	"nt": 0.01041251,
	"ng": 0.00953015,
	"se": 0.00932115,
	"ha": 0.00925764,
	"as": 0.00871095,
	"ou": 0.00870002,
	"io": 0.00834932,
	"le": 0.00829254,
	"ve": 0.00825281,
	"co": 0.0079386,
	"me": 0.00793006,
	"de": 0.00764818,
	"hi": 0.00763242,
	"ri": 0.00727619,
	"ro": 0.00726724,
	"ic": 0.00698707,
	"ne": 0.00691722,
	"ea": 0.00688165,
	"ra": 0.00685633,
	"ce": 0.00651417,
	"li": 0.00624352,
	"ch": 0.00597766,
	"ll": 0.00576571,
	"be": 0.00576284,
	"ma": 0.00565269,
	"si": 0.00550057,
	"om": 0.00546257,
	"ur": 0.00542748,
	"ca": 0.00538164,
	"el": 0.00530302,
	"ta": 0.00529886,
	"la": 0.00527529,
	"ns": 0.00508937,
	"di": 0.00492966,
	"fo": 0.00487754,
	"ho": 0.00484902,
	"pe": 0.00477989,
	"ec": 0.00477283,
	"pr": 0.00474471,
	"no": 0.00464575,
	"ct": 0.00460972,
	"us": 0.00454257,
	"ac": 0.00447772,
	"ot": 0.00442103,
	"il": 0.00431535,
	"tr": 0.0042582,
	"ly": 0.00425014,
	"nc": 0.00415746,
	"et": 0.00412608,
	"ut": 0.00405151,
	"ss": 0.00405075,
	"so": 0.00397732,
	"rs": 0.00396527,
	"un": 0.00394413,
	"lo": 0.00386884,
	"wa": 0.00385337,
	"ge": 0.0038519,
	"ie": 0.00384646,
	"wh": 0.00378793,
	"ee": 0.00377605,
	"wi": 0.00374421,
	"em": 0.00373664,
	"ad": 0.00367956,
	"ol": 0.00365493,
	"rt": 0.00361676,
	"po": 0.00361373,
	"we": 0.00360899,
	"na": 0.00347235,
	"ul": 0.00345829,
	"ni": 0.00339212,
	"ts": 0.00337488,
	"mo": 0.00336878,
	"ow": 0.00330478,
	"pa": 0.00323572,
	"im": 0.0031776,
	"mi": 0.00317691,
	"ai": 0.00316448,
	"sh": 0.0031524,
	"ir": 0.00315172,
	"su": 0.00311177,
	"id": 0.00295504,
	"os": 0.00289967,
	"iv": 0.00287848,
	"ia": 0.00286282,
	"am": 0.00284866,
	"fi": 0.00284586,
	"ci": 0.00281485,
	"vi": 0.00269544,
	"pl": 0.00262987,
	"ig": 0.00254961,
	"tu": 0.00254907,
	"ev": 0.00254784,
	"ld": 0.00252606,
	"ry": 0.0024774,
	"mp": 0.00239175,
	"fe": 0.00236573,
	"bl": 0.002334,
	"ab": 0.00229786,
	"gh": 0.00227503,
	"ty": 0.00227277,
	"op": 0.00223911,
	"wo": 0.00221754,
	"sa": 0.00218017,
	"ay": 0.00217361,
	"ex": 0.00214045,
	"ke": 0.00213768,
	"fr": 0.00213189,
	"oo": 0.00210259,
	"av": 0.00204933,
	"ag": 0.00204725,
	"if": 0.00203257,
	"ap": 0.00202846,
	"gr": 0.00196778,
	"od": 0.00195449,
	"bo": 0.00195411,
	"sp": 0.00191254,
	"rd": 0.00189316,
	"do": 0.00188235,
	"uc": 0.00187652,
	"bu": 0.00184944,
	"ei": 0.00183352,
	"ov": 0.00178087,
	"by": 0.00176468,
	"rm": 0.00175133,
	"ep": 0.00171574,
	"tt": 0.00170683,
	"oc": 0.00166405,
	"fa": 0.00164,
	"ef": 0.00162732,
	"cu": 0.00162614,
	"rn": 0.00160361,
	"sc": 0.00154749,
	"gi": 0.00151637,
	"da": 0.00151067,
	"yo": 0.00149902,
	"cr": 0.00149456,
	"cl": 0.00149011,
	"du": 0.00148461,
	"ga": 0.00148077,
	"qu": 0.00147541,
	"ue": 0.0014748,
	"ff": 0.00146317,
	"ba": 0.00146204,
	"ey": 0.00143746,
	"ls": 0.00141513,
	"va": 0.0013998,
	"um": 0.00138383,
	"pp": 0.00136546,
	"ua": 0.00136333,
	"up": 0.00136012,
	"lu": 0.00135189,
	"go": 0.00132128,
	"ht": 0.00130186,
	"ru": 0.00128329,
	"ug": 0.00127908,
	"ds": 0.00126261,
	"lt": 0.00123637,
	"pi": 0.00123094,
	"rc": 0.00121387,
	"rr": 0.00120743,
	"eg": 0.00119536,
	"au": 0.00119033,
	"ck": 0.00117626,
	"ew": 0.00116806,
	"mu": 0.00114619,
	"br": 0.0011156,
	"bi": 0.00106597,
	"pt": 0.00105782,
	"ak": 0.00104699,
	"pu": 0.0010454,
	"ui": 0.00101153,
	"rg": 0.00099773,
	"ib": 0.00098603,
	"tl": 0.00098449,
	"ny": 0.00097917,
	"ki": 0.00097878,
	"rk": 0.00097034,
	"ys": 0.00096832,
	"ob": 0.00096671,
	"mm": 0.00096069,
	"fu": 0.00095975,
	"ph": 0.0009439,
	"og": 0.00094024,
	"ms": 0.00092833,
	"ye": 0.00092669,
	"ud": 0.00091401,
	"mb": 0.00090256,
	"ip": 0.00089211,
	"ub": 0.0008858,
	"oi": 0.00087751,
	"rl": 0.00086265,
	"gu": 0.0008577,
	"dr": 0.0008545,
	"hr": 0.00084393,
	"cc": 0.00083138,
	"tw": 0.00082372,
	"ft": 0.00081664,
	"wn": 0.00078988,
	"nu": 0.00078644,
	"af": 0.00074207,
	"hu": 0.00073693,
	"nn": 0.00072765,
	"eo": 0.000725,
	"vo": 0.00071107,
	"rv": 0.00069283,
	"nf": 0.00067181,
	"xp": 0.00066864,
	"gn": 0.00065639,
	"sm": 0.00065199,
	"fl": 0.00064905,
	"iz": 0.0006434,
	"ok": 0.00064312,
	"nl": 0.00063784,
	"my": 0.00062186,
	"gl": 0.00060637,
	"aw": 0.00059916,
	"ju": 0.00058702,
	"oa": 0.00057486,
	"eq": 0.00057252,
	"sy": 0.00056845,
	"sl": 0.00055881,
	"ps": 0.00054571,
	"jo": 0.0005379,
	"lf": 0.00053477,
	"nv": 0.00052007,
	"je": 0.00051887,
	"nk": 0.00051605,
	"kn": 0.00051439,
	"gs": 0.00051193,
	"dy": 0.00050423,
	"hy": 0.00050089,
	"ze": 0.00049733,
	"ks": 0.00047509,
	"xt": 0.00046661,
	"bs": 0.00045832,
	"ik": 0.00042913,
	"dd": 0.00042751,
	"cy": 0.00041719,
	"rp": 0.0004162,
	"sk": 0.00039465,
	"xi": 0.00039418,
	"oe": 0.00038631,
	"oy": 0.00036181,
	"ws": 0.00035084,
	"lv": 0.00034906,
	"dl": 0.0003234,
	"rf": 0.0003226,
	"eu": 0.00031153,
	"dg": 0.00031003,
	"wr": 0.00030761,
	"xa": 0.00029601,
	"yi": 0.0002882,
	"nm": 0.00027749,
	"eb": 0.00027074,
	"rb": 0.00026712,
	"tm": 0.00026479,
	"xc": 0.0002646,
	"eh": 0.00026324,
	"tc": 0.00026136,
	"gy": 0.0002594,
	"ja": 0.00025861,
	"hn": 0.00025758,
	"yp": 0.00024914,
	"za": 0.00024904,
	"gg": 0.00024755,
	"ym": 0.00023675,
	"sw": 0.00023528,
	"bj": 0.00023225,
	"lm": 0.00023021,
	"cs": 0.00022823,
	"ii": 0.00022782,
	"ix": 0.00022032,
	"xe": 0.00021795,
	"oh": 0.00021354,
	"lk": 0.00019715,
	"dv": 0.00019053,
	"lp": 0.0001903,
	"ax": 0.00018839,
	"ox": 0.00018575,
	"uf": 0.00018532,
	"dm": 0.00018177,
	"iu": 0.00017409,
	"sf": 0.00017164,
	"bt": 0.00017104,
	"ka": 0.00016956,
	"yt": 0.00016684,
	"ek": 0.00016472,
	"pm": 0.00015956,
	"ya": 0.00015766,
	"gt": 0.00015403,
	"wl": 0.00015221,
	"rh": 0.00015112,
	"yl": 0.00014756,
	"hs": 0.00014684,
	"ah": 0.00013643,
	"yc": 0.00013501,
	"yn": 0.00013214,
	"rw": 0.00012757,
	"hm": 0.00012743,
	"lw": 0.00012639,
	"hl": 0.00012592,
	"ae": 0.00012397,
	"zi": 0.00012117,
	"az": 0.00011869,
	"lc": 0.00011822,
	"py": 0.00011764,
	"aj": 0.00011753,
	"iq": 0.00011304,
	"nj": 0.00011086,
	"bb": 0.00010933,
	"nh": 0.00010884,
	"uo": 0.00010657,
	"kl": 0.0001057,
	"lr": 0.00010051,
	"tn": 0.00010011,
	"gm": 0.00009858,
	"sn": 0.00009175,
	"nr": 0.00009152,
	"fy": 0.00009098,
	"mn": 0.0000879,
	"dw": 0.00008162,
	"sb": 0.00007916,
	"yr": 0.00007792,
	"dn": 0.00007569,
	"sq": 0.00007444,
	"zo": 0.00007181,
	"oj": 0.00006976,
	"yd": 0.00006818,
	"lb": 0.0000669,
	"wt": 0.00006541,
	"lg": 0.00006088,
	"ko": 0.00006076,
	"np": 0.00006036,
	"sr": 0.0000599,
	"nq": 0.0000595,
	"ky": 0.0000595,
	"ln": 0.0000587,
	"nw": 0.00005797,
	"tf": 0.00005661,
	"fs": 0.0000551,
	"cq": 0.00005475,
	"dh": 0.00005438,
	"sd": 0.00005259,
	"vy": 0.00004897,
	"dj": 0.00004782,
	"hw": 0.00004774,
	"xu": 0.00004771,
	"ao": 0.00004626,
	"ml": 0.00004607,
	"uk": 0.00004604,
	"uy": 0.00004567,
	"ej": 0.00004546,
	"ez": 0.00004523,
	"hb": 0.0000439,
	"nz": 0.00004369,
	"nb": 0.00004336,
	"mc": 0.00004312,
	"yb": 0.00004299,
	"tp": 0.00004294,
	"xh": 0.00004171,
	"ux": 0.00003935,
	"tz": 0.00003849,
	"bv": 0.00003844,
	"mf": 0.00003818,
	"wd": 0.00003538,
	"oz": 0.00003472,
	"yw": 0.00003372,
	"kh": 0.00003185,
	"gd": 0.0000316,
	"bm": 0.00003129,
	"mr": 0.00003106,
	"ku": 0.00003026,
	"uv": 0.00002917,
	"dt": 0.00002896,
	"hd": 0.00002857,
	"aa": 0.0000283,
	"xx": 0.00002804,
	"df": 0.00002779,
	"db": 0.00002773,
	"ji": 0.00002763,
	"kr": 0.00002722,
	"xo": 0.00002699,
	"cm": 0.00002665,
	"zz": 0.0000266,
	"nx": 0.00002621,
	"yg": 0.00002593,
	"xy": 0.00002576,
	"kg": 0.00002563,
	"tb": 0.00002544,
	"dc": 0.00002519,
	"bd": 0.00002474,
	"sg": 0.00002468,
	"wy": 0.00002425,
	"zy": 0.00002357,
	"aq": 0.00002244,
	"hf": 0.00002243,
	"cd": 0.00002231,
	"vu": 0.00002212,
	"kw": 0.00002178,
	"zu": 0.00002152,
	"bn": 0.00002095,